
INSERT INTO FAVORITE_DATA_CONFIG(ID, SHOW_TEMPERATURE, SHOW_FEELS_LIKE_TEMPERATURE, SHOW_TITLE, SHOW_ICON, SHOW_CLOUDS, SHOW_DEW_POINT, SHOW_HUMIDITY, SHOW_PRESSURE, SHOW_RAIN, SHOW_SNOW, SHOW_SUNRISE, SHOW_SUNSET, SHOW_TIMESTAMP, SHOW_UVI, SHOW_VISIBILITY, SHOW_WIND_DIRECTION, SHOW_WIND_GUST, SHOW_WIND_SPEED) 
VALUES 
    ('111111', TRUE, TRUE, TRUE, TRUE, FALSE, FALSE, FALSE, FALSE, FALSE, FALSE, FALSE, FALSE, FALSE, FALSE, FALSE, FALSE, FALSE, FALSE),
    ('222222', TRUE, TRUE, TRUE, TRUE, FALSE, FALSE, FALSE, FALSE, FALSE, FALSE, FALSE, FALSE, FALSE, FALSE, FALSE, FALSE, FALSE, FALSE),
    ('333333', TRUE, TRUE, TRUE, TRUE, FALSE, FALSE, FALSE, FALSE, FALSE, FALSE, FALSE, FALSE, FALSE, FALSE, FALSE, FALSE, FALSE, FALSE),
    ('444444', TRUE, TRUE, TRUE, TRUE, FALSE, FALSE, FALSE, FALSE, FALSE, FALSE, FALSE, FALSE, FALSE, FALSE, FALSE, FALSE, FALSE, FALSE),
    ('555555', TRUE, TRUE, TRUE, TRUE, FALSE, FALSE, FALSE, FALSE, FALSE, FALSE, FALSE, FALSE, FALSE, FALSE, FALSE, FALSE, FALSE, FALSE);

INSERT INTO SUBSCRIPTION(ID, SIGNUP_DATE) 
VALUES 
    (10, DATE '2023-01-01'),
    (20, DATE '2023-03-19'),
    (30, DATE '2023-05-05');

INSERT INTO SUBSCRIPTION_PERIOD (ACTIVE, START, STOP, ID) 
VALUES 
    (FALSE, DATE '2023-01-01', DATE '2023-05-28', 10),
    (FALSE, DATE '2023-03-19', DATE '2023-06-28', 20),
    (FALSE, DATE '2023-11-15', DATE '2024-01-15', 30),
    (TRUE, DATE '2023-05-05', NULL, 40);

INSERT INTO SUBSCRIPTION_SUBSCRIPTION_PERIODS (SUBSCRIPTION_ID, SUBSCRIPTION_PERIODS_ID)
VALUES 
    (10, 10),
    (20, 20),
    (20, 30),
    (30, 40);

INSERT INTO USERX (ENABLED, FIRST_NAME, LAST_NAME, PASSWORD, USERNAME, CREATE_USER_USERNAME, CREATE_DATE, FAVORITE_DATA_CONFIG_ID, SUBSCRIPTION_ID) 
VALUES 
    (TRUE, 'Admin2', 'Istrator', '$2a$10$4ENBx/wSbkRKzj9D5vcnjuif.QpkahXzSNyxi9Ki9Na8O/A/M.HDy', 'admin2', 'admin2', '2016-01-01 00:00:00', '111111', NULL),
    (TRUE, 'Susi', 'Kaufgern', '$2a$10$4ENBx/wSbkRKzj9D5vcnjuif.QpkahXzSNyxi9Ki9Na8O/A/M.HDy', 'user1', 'admin2', '2016-01-01 00:00:00', '222222', 10),
    (TRUE, 'Max', 'Mustermann', '$2a$10$4ENBx/wSbkRKzj9D5vcnjuif.QpkahXzSNyxi9Ki9Na8O/A/M.HDy', 'user2', 'admin2', '2016-01-01 00:00:00', '333333', 20),
    (TRUE, 'Elvis', 'The King', '$2a$10$4ENBx/wSbkRKzj9D5vcnjuif.QpkahXzSNyxi9Ki9Na8O/A/M.HDy', 'elvis', 'admin2', '2016-01-01 00:00:00', '444444', NULL),
    (TRUE, 'Prem', 'Mium', '$2a$10$4ENBx/wSbkRKzj9D5vcnjuif.QpkahXzSNyxi9Ki9Na8O/A/M.HDy', 'premium1', 'admin2', '2016-01-01 00:00:00', '555555', 30);

INSERT INTO USERX_USERX_ROLE (USERX_USERNAME, ROLES) 
VALUES
    ('admin2', 'ADMIN'), ('admin2', 'REGISTERED_USER'),
    ('user1', 'MANAGER'), ('user1', 'REGISTERED_USER'),
    ('user2', 'REGISTERED_USER'),
    ('elvis', 'ADMIN'), ('elvis', 'REGISTERED_USER'),
    ('premium1', 'PREMIUM_USER'), ('premium1', 'REGISTERED_USER');



-- additional users used for the test script:

-- 1. admin: admin role
-- 2. testUser: test user
-- 3. testPremium: premium test user who started their subscription on 2024-01-08
-- 4. testPremiumBad: premium test user who has lost the premium status due to a manager declining the payment
-- 5. testManager: test manager
-- passwords: passwd

INSERT INTO FAVORITE_DATA_CONFIG(ID, SHOW_TEMPERATURE, SHOW_FEELS_LIKE_TEMPERATURE, SHOW_TITLE, SHOW_ICON, SHOW_CLOUDS, SHOW_DEW_POINT, SHOW_HUMIDITY, SHOW_PRESSURE, SHOW_RAIN, SHOW_SNOW, SHOW_SUNRISE, SHOW_SUNSET, SHOW_TIMESTAMP, SHOW_UVI, SHOW_VISIBILITY, SHOW_WIND_DIRECTION, SHOW_WIND_GUST, SHOW_WIND_SPEED) 
VALUES 
    ('000001', TRUE, TRUE, TRUE, TRUE, FALSE, FALSE, FALSE, FALSE, FALSE, FALSE, FALSE, FALSE, FALSE, FALSE, FALSE, FALSE, FALSE, FALSE),
    ('000002', TRUE, TRUE, TRUE, TRUE, FALSE, FALSE, FALSE, FALSE, FALSE, FALSE, FALSE, FALSE, FALSE, FALSE, FALSE, FALSE, FALSE, FALSE),
    ('000003', TRUE, TRUE, TRUE, TRUE, FALSE, FALSE, FALSE, FALSE, FALSE, FALSE, FALSE, FALSE, FALSE, FALSE, FALSE, FALSE, FALSE, FALSE),
    ('000004', TRUE, TRUE, TRUE, TRUE, FALSE, FALSE, FALSE, FALSE, FALSE, FALSE, FALSE, FALSE, FALSE, FALSE, FALSE, FALSE, FALSE, FALSE),
    ('000005', TRUE, TRUE, TRUE, TRUE, FALSE, FALSE, FALSE, FALSE, FALSE, FALSE, FALSE, FALSE, FALSE, FALSE, FALSE, FALSE, FALSE, FALSE);

INSERT INTO SUBSCRIPTION(ID, SIGNUP_DATE) 
VALUES 
    (91, DATE '2024-01-08'),
    (92, DATE '2023-11-01');

INSERT INTO SUBSCRIPTION_PERIOD (ACTIVE, START, STOP, ID) 
VALUES 
    (TRUE, DATE '2024-01-08', NULL, 91),
    (FALSE, DATE '2023-11-01', DATE '2023-12-31', 92);

INSERT INTO SUBSCRIPTION_SUBSCRIPTION_PERIODS (SUBSCRIPTION_ID, SUBSCRIPTION_PERIODS_ID)
VALUES 
    (91, 91),
    (92, 92);

INSERT INTO USERX (ENABLED, FIRST_NAME, LAST_NAME, PASSWORD, USERNAME, CREATE_USER_USERNAME, CREATE_DATE, FAVORITE_DATA_CONFIG_ID, SUBSCRIPTION_ID) 
VALUES 
    (TRUE, 'TestUser', 'admin', '$2a$10$4ENBx/wSbkRKzj9D5vcnjuif.QpkahXzSNyxi9Ki9Na8O/A/M.HDy', 'admin', 'admin', '2016-01-01 00:00:00', '000001', NULL),
    (TRUE, 'TestUser', 'testUser', '$2a$10$4ENBx/wSbkRKzj9D5vcnjuif.QpkahXzSNyxi9Ki9Na8O/A/M.HDy', 'testUser', 'admin', '2016-01-01 00:00:00', '000002', NULL),
    (TRUE, 'TestUser', 'testPremium', '$2a$10$4ENBx/wSbkRKzj9D5vcnjuif.QpkahXzSNyxi9Ki9Na8O/A/M.HDy', 'testPremium', 'admin', '2016-01-01 00:00:00', '000003', 91),
    (TRUE, 'TestUser', 'testPremiumBad', '$2a$10$4ENBx/wSbkRKzj9D5vcnjuif.QpkahXzSNyxi9Ki9Na8O/A/M.HDy', 'testPremiumBad', 'admin', '2016-01-01 00:00:00', '000004', 92),
    (TRUE, 'TestUser', 'testManager', '$2a$10$4ENBx/wSbkRKzj9D5vcnjuif.QpkahXzSNyxi9Ki9Na8O/A/M.HDy', 'testManager', 'admin', '2016-01-01 00:00:00', '000005', NULL);

INSERT INTO USERX_USERX_ROLE (USERX_USERNAME, ROLES) 
VALUES
    ('admin', 'REGISTERED_USER'), ('admin', 'ADMIN'),
    ('testUser', 'REGISTERED_USER'),
    ('testPremium', 'REGISTERED_USER'), ('testPremium', 'PREMIUM_USER'),
    ('testPremiumBad', 'REGISTERED_USER'), ('testPremiumBad', 'PREMIUM_USER'),
    ('testManager', 'REGISTERED_USER'), ('testManager', 'MANAGER');
